<?xml version="1.0" encoding="UTF-8"?><?xml-stylesheet type='text/xsl' href='_UpgradeReport_Files/UpgradeReport.xslt'?><UpgradeLog>
<Properties><Property Name="Solution" Value="BizTalkOM Shared Library">
</Property><Property Name="Solution File" Value="D:\Integration\BizTalkOM\BizTalkOM Shared Library\BizTalkOM Shared Library.sln">
</Property><Property Name="Date" Value="Friday, 28 June 2013">
</Property><Property Name="Time" Value="9:47 a.m.">
</Property></Properties><Event ErrorLevel="0" Project="Microsoft.Services.Tools.BizTalkOM" Source="Microsoft.Services.Tools.BizTalkOM\Microsoft.Services.Tools.BizTalkOM.csproj" Description="Project converted successfully">
</Event><Event ErrorLevel="3" Project="Microsoft.Services.Tools.BizTalkOM" Source="Microsoft.Services.Tools.BizTalkOM\Microsoft.Services.Tools.BizTalkOM.csproj" Description="Converted">
</Event><Event ErrorLevel="0" Project="Microsoft.Services.Tools.BizTalkOM.Tests" Source="Microsoft.Services.Tools.BizTalkOM.Test\Microsoft.Services.Tools.BizTalkOM.Tests.csproj" Description="Project converted successfully">
</Event><Event ErrorLevel="3" Project="Microsoft.Services.Tools.BizTalkOM.Tests" Source="Microsoft.Services.Tools.BizTalkOM.Test\Microsoft.Services.Tools.BizTalkOM.Tests.csproj" Description="Converted">
</Event><Event ErrorLevel="0" Project="" Source="BizTalkOM Shared Library.sln" Description="Solution converted successfully">
</Event><Event ErrorLevel="3" Project="" Source="BizTalkOM Shared Library.sln" Description="Converted">
</Event><Event ErrorLevel="0" Project="Microsoft.Services.Tools.BizTalkOM" Source="Microsoft.Services.Tools.BizTalkOM\Microsoft.Services.Tools.BizTalkOM.csproj" Description="Scan complete: Upgrade not required for project files.">
</Event><Event ErrorLevel="3" Project="" Source="BizTalkOM Shared Library.vsmdi" Description="Converted">
</Event><Event ErrorLevel="0" Project="" Source="BizTalkOM Shared Library.vsmdi" Description="The file was converted to the current format.">
</Event><Event ErrorLevel="3" Project="" Source="localtestrun.testrunconfig" Description="Converted">
</Event><Event ErrorLevel="0" Project="" Source="localtestrun.testrunconfig" Description="The file was converted to the current format.">
</Event><Event ErrorLevel="0" Project="Microsoft.Services.Tools.BizTalkOM.Tests" Source="Microsoft.Services.Tools.BizTalkOM.Test\Microsoft.Services.Tools.BizTalkOM.Tests.csproj" Description="Scan complete: Upgrade not required for project files.">
</Event></UpgradeLog>