<?xml version="1.0" encoding="UTF-8"?><?xml-stylesheet type='text/xsl' href='_UpgradeReport_Files/UpgradeReport.xslt'?><UpgradeLog>
<Properties><Property Name="Solution" Value="Microsoft.Services.Tools.BiztalkDocumenter">
</Property><Property Name="Solution File" Value="D:\BTS2006Documenter\BizTalkDocumenter-59444\Microsoft.Sdc.BiztalkDocumenter\Microsoft.Services.Tools.BiztalkDocumenter.sln">
</Property><Property Name="Date" Value="Tuesday, 7 December 2010">
</Property><Property Name="Time" Value="21:31 p.m.">
</Property></Properties><Event ErrorLevel="0" Project="Microsoft.Services.Tools.BizTalkDocumenter" Source="Microsoft.Sdc.BiztalkDocumenter\Microsoft.Services.Tools.BizTalkDocumenter.csproj" Description="Project converted successfully">
</Event><Event ErrorLevel="3" Project="Microsoft.Services.Tools.BizTalkDocumenter" Source="Microsoft.Sdc.BiztalkDocumenter\Microsoft.Services.Tools.BizTalkDocumenter.csproj" Description="Converted">
</Event><Event ErrorLevel="0" Project="Microsoft.Services.Tools.BiztalkDocumenter.Core" Source="Microsoft.Sdc.BiztalkDocumenter.Core\Microsoft.Services.Tools.BiztalkDocumenter.Core.csproj" Description="Project converted successfully">
</Event><Event ErrorLevel="3" Project="Microsoft.Services.Tools.BiztalkDocumenter.Core" Source="Microsoft.Sdc.BiztalkDocumenter.Core\Microsoft.Services.Tools.BiztalkDocumenter.Core.csproj" Description="Converted">
</Event><Event ErrorLevel="0" Project="Microsoft.Services.Tools.Publishers.CompiledHelp" Source="Microsoft.Sdc.Publishers.CompiledHelp\Microsoft.Services.Tools.Publishers.CompiledHelp.csproj" Description="Project converted successfully">
</Event><Event ErrorLevel="3" Project="Microsoft.Services.Tools.Publishers.CompiledHelp" Source="Microsoft.Sdc.Publishers.CompiledHelp\Microsoft.Services.Tools.Publishers.CompiledHelp.csproj" Description="Converted">
</Event><Event ErrorLevel="1" Project="Microsoft.Services.Tools.BiztalkDocumenter.SnapIn" Source="Microsoft.Sdc.BiztalkDocumenter.SnapIn\Microsoft.Services.Tools.BiztalkDocumenter.SnapIn.csproj" Description="Your project is targeting .NET Framework 2.0 or 3.0. If your project uses assemblies requiring a newer .NET Framework, your project will fail to build. You can change the .NET Framework version by clicking Properties on the project menu and then selecting a new version in the '.NET Framework' dropdown box. (In Visual Basic, this is located on the Compile tab by clicking the 'Advanced Compiler Options...' button.)">
</Event><Event ErrorLevel="0" Project="Microsoft.Services.Tools.BiztalkDocumenter.SnapIn" Source="Microsoft.Sdc.BiztalkDocumenter.SnapIn\Microsoft.Services.Tools.BiztalkDocumenter.SnapIn.csproj" Description="Project converted successfully">
</Event><Event ErrorLevel="3" Project="Microsoft.Services.Tools.BiztalkDocumenter.SnapIn" Source="Microsoft.Sdc.BiztalkDocumenter.SnapIn\Microsoft.Services.Tools.BiztalkDocumenter.SnapIn.csproj" Description="Converted">
</Event><Event ErrorLevel="0" Project="Microsoft.Services.Tools.Publishers.Word" Source="Microsoft.Sdc.Publishers.Word\Microsoft.Services.Tools.Publishers.Word.csproj" Description="Project converted successfully">
</Event><Event ErrorLevel="3" Project="Microsoft.Services.Tools.Publishers.Word" Source="Microsoft.Sdc.Publishers.Word\Microsoft.Services.Tools.Publishers.Word.csproj" Description="Converted">
</Event><Event ErrorLevel="0" Project="" Source="Microsoft.Services.Tools.BiztalkDocumenter.sln" Description="Solution converted successfully">
</Event><Event ErrorLevel="3" Project="" Source="Microsoft.Services.Tools.BiztalkDocumenter.sln" Description="Converted">
</Event><Event ErrorLevel="0" Project="Microsoft.Services.Tools.BizTalkDocumenter" Source="Microsoft.Sdc.BiztalkDocumenter\Microsoft.Services.Tools.BizTalkDocumenter.csproj" Description="Scan complete: Upgrade not required for project files.">
</Event><Event ErrorLevel="0" Project="Microsoft.Services.Tools.BizTalkDocumenter" Source="Microsoft.Sdc.BiztalkDocumenter\Microsoft.Services.Tools.BizTalkDocumenter.csproj" Description="References to Microsoft.VisualBasic.PowerPacks.Vs were updated to Microsoft.VisualBasic.PowerPacks.Vs 10.0.">
</Event><Event ErrorLevel="0" Project="Microsoft.Services.Tools.BiztalkDocumenter.SnapIn" Source="Microsoft.Sdc.BiztalkDocumenter.SnapIn\Microsoft.Services.Tools.BiztalkDocumenter.SnapIn.csproj" Description="Scan complete: Upgrade not required for project files.">
</Event><Event ErrorLevel="0" Project="Microsoft.Services.Tools.BiztalkDocumenter.Core" Source="Microsoft.Sdc.BiztalkDocumenter.Core\Microsoft.Services.Tools.BiztalkDocumenter.Core.csproj" Description="Scan complete: Upgrade not required for project files.">
</Event><Event ErrorLevel="0" Project="Microsoft.Services.Tools.Publishers.CompiledHelp" Source="Microsoft.Sdc.Publishers.CompiledHelp\Microsoft.Services.Tools.Publishers.CompiledHelp.csproj" Description="Scan complete: Upgrade not required for project files.">
</Event><Event ErrorLevel="0" Project="Microsoft.Services.Tools.Publishers.Word" Source="Microsoft.Sdc.Publishers.Word\Microsoft.Services.Tools.Publishers.Word.csproj" Description="Scan complete: Upgrade not required for project files.">
</Event></UpgradeLog>